username,name,url_main,url_user,exists,http_status,response_time_s
john.nuwan.moncel,Blitz Tactics,https://blitztactics.com/,https://blitztactics.com/john.nuwan.moncel,Claimed,404,0.8749408519943245
john.nuwan.moncel,BoardGameGeek,https://boardgamegeek.com/,https://boardgamegeek.com/user/john.nuwan.moncel,Claimed,200,0.5584887739969417
john.nuwan.moncel,Chaos,https://chaos.social/,https://chaos.social/@john.nuwan.moncel,Claimed,200,0.9605193680035882
john.nuwan.moncel,GitLab,https://gitlab.com/,https://gitlab.com/john.nuwan.moncel,Claimed,200,2.3316742600291036
john.nuwan.moncel,Medium,https://medium.com/,https://medium.com/@john.nuwan.moncel,Claimed,200,3.767550512973685
john.nuwan.moncel,Velomania,https://forum.velomania.ru/,https://forum.velomania.ru/member.php?username=john.nuwan.moncel,Claimed,200,6.223967856029049
john.nuwan.moncel,Vero,https://vero.co/,https://vero.co/john.nuwan.moncel,Claimed,404,6.276779596984852
john.nuwan.moncel,YouTube,https://www.youtube.com/,https://www.youtube.com/@john.nuwan.moncel,Claimed,200,6.904562450014055
john.nuwan.moncel,chaos.social,https://chaos.social/,https://chaos.social/@john.nuwan.moncel,Claimed,200,7.740907519997563
john.nuwan.moncel,mastodon.cloud,https://mastodon.cloud/,https://mastodon.cloud/@john.nuwan.moncel,Claimed,200,7.69197055301629
john.nuwan.moncel,mastodon.social,https://chaos.social/,https://mastodon.social/@john.nuwan.moncel,Claimed,200,7.436365781992208
john.nuwan.moncel,mastodon.xyz,https://mastodon.xyz/,https://mastodon.xyz/@john.nuwan.moncel,Claimed,200,7.686788240971509
john.nuwan.moncel,mstdn.social,https://mstdn.social/,https://mstdn.social/@john.nuwan.moncel,Claimed,200,7.711937757965643
john.nuwan.moncel,mstdn.io,https://mstdn.io/,https://mstdn.io/@john.nuwan.moncel,Claimed,200,7.793643829994835
john.nuwan.moncel,omg.lol,https://home.omg.lol,https://john.nuwan.moncel.omg.lol,Claimed,200,8.208153248997405
john.nuwan.moncel,social.tchncs.de,https://social.tchncs.de/,https://social.tchncs.de/@john.nuwan.moncel,Claimed,200,8.303347025997937
john.nuwan.moncel,BabyRu,https://www.baby.ru/,https://www.baby.ru/u/john.nuwan.moncel,Claimed,403,8.464946210035123
